{
  "position": {
    "x": -40.06169509887695,
    "y": 0.23999974131584168,
    "z": -28.869125366210939
  },
  "rotation": {
    "x": 0.0,
    "y": 0.6511121988296509,
    "z": 0.0,
    "w": 0.7589815855026245
  },
  "currentHealth": 2.0,
  "currentLevel": 1,
  "currentExp": 6.0
}